{"initial_reset_timestamp": 1574787100.6267118, "timestamps": [1574787111.317152], "episode_lengths": [90], "episode_rewards": [-180.31919466058085], "episode_types": ["t"]}