{"initial_reset_timestamp": 1575751049.1935053, "timestamps": [1575751049.5133517], "episode_lengths": [15], "episode_rewards": [15.0], "episode_types": ["t"]}