{"initial_reset_timestamp": 1576141157.978672, "timestamps": [1576141158.7562716, 1576141159.9987073, 1576141160.7990062, 1576141163.3986554, 1576141164.1487498, 1576141164.9987195, 1576141165.5987852, 1576141166.898824, 1576141168.2986739, 1576141168.7986894, 1576141170.7687254, 1576141171.7286785, 1576141172.778656, 1576141173.7286825, 1576141174.6286962, 1576141176.2786932, 1576141177.0286765, 1576141178.4286556, 1576141179.1786582, 1576141180.0286913, 1576141182.0286794], "episode_lengths": [14, 25, 16, 55, 14, 17, 12, 26, 28, 10, 37, 19, 20, 19, 17, 33, 15, 28, 14, 17, 37], "episode_rewards": [14.0, 25.0, 16.0, 55.0, 14.0, 17.0, 12.0, 26.0, 28.0, 10.0, 37.0, 19.0, 20.0, 19.0, 17.0, 33.0, 15.0, 28.0, 14.0, 17.0, 37.0], "episode_types": ["t", "t", "t", "t", "t", "t", "t", "t", "t", "t", "t", "t", "t", "t", "t", "t", "t", "t", "t", "t", "t", "t"]}