{"initial_reset_timestamp": 1575624533.8128436, "timestamps": [1575624534.5029304], "episode_lengths": [15], "episode_rewards": [15.0], "episode_types": ["t"]}