{"initial_reset_timestamp": 1574888632.0328526, "timestamps": [1574888633.419775, 1574888634.0028224, 1574888634.9028137, 1574888637.602816, 1574888638.602815, 1574888639.102838, 1574888639.7028189, 1574888640.7027888], "episode_lengths": [14, 11, 19, 56, 20, 10, 11, 20], "episode_rewards": [14.0, 11.0, 19.0, 56.0, 20.0, 10.0, 11.0, 20.0], "episode_types": ["t", "t", "t", "t", "t", "t", "t", "t", "t"]}