{"initial_reset_timestamp": 1575751011.663258, "timestamps": [1575751013.21331, 1575751013.8933146, 1575751014.3944366, 1575751014.8933127, 1575751016.14329, 1575751017.7433403, 1575751018.6933286, 1575751019.8433168, 1575751020.89343, 1575751021.7433295, 1575751022.5433288, 1575751023.4733553, 1575751024.0233924, 1575751024.8233354, 1575751026.3233328, 1575751027.1233828, 1575751027.9234145, 1575751028.4733648, 1575751029.3233514, 1575751031.523318, 1575751032.4633934, 1575751033.4433472, 1575751034.0933604, 1575751036.1434855, 1575751037.7533128], "episode_lengths": [18, 13, 11, 9, 26, 33, 19, 23, 21, 17, 13, 18, 10, 16, 30, 15, 16, 10, 17, 44, 17, 18, 12, 41, 32], "episode_rewards": [18.0, 13.0, 11.0, 9.0, 26.0, 33.0, 19.0, 23.0, 21.0, 17.0, 13.0, 18.0, 10.0, 16.0, 30.0, 15.0, 16.0, 10.0, 17.0, 44.0, 17.0, 18.0, 12.0, 41.0, 32.0], "episode_types": ["t", "t", "t", "t", "t", "t", "t", "t", "t", "t", "t", "t", "t", "t", "t", "t", "t", "t", "t", "t", "t", "t", "t", "t", "t", "t"]}