{"initial_reset_timestamp": 1575624604.5049212, "timestamps": [1575624605.0574894], "episode_lengths": [14], "episode_rewards": [14.0], "episode_types": ["t"]}