{"initial_reset_timestamp": 1575624505.733365, "timestamps": [1575624507.405092], "episode_lengths": [15], "episode_rewards": [15.0], "episode_types": ["t"]}