{"initial_reset_timestamp": 1575624551.405807, "timestamps": [1575624552.1762607], "episode_lengths": [17], "episode_rewards": [17.0], "episode_types": ["t"]}